cat,label,area_sqkm
2,,0.365293
6,,0.570457
4,,2.486992
