cat,label,area_sqkm
3,,0.365293
2,,0.570457
1,,2.486992
