cat,label,area_sqkm
3,,8.299205
2,,3.609979
1,,4.966532
