cat,label,area_sqkm
3,,8.394139
2,,3.627467
1,,4.861606
