cat,label,area_sqkm
3,,0.35535
2,,0.562753
1,,2.517181
