cat,label,area_sqkm
2,,3.577301
3,,8.255149
1,,4.959772
