cat,label,area_sqkm
3,,0.365293
1,,0.570457
2,,2.486992
