cat,label,area_sqkm
19,,2.809716
18,,4.463638
14,,2.966469
4,,7.997902
11,,11.246527
17,,0.741269
3,,9.208038
16,,0.135853
15,,6.62126
13,,7.90803
1,,13.229283
12,,6.876245
8,,6.274312
10,,11.901408
5,,3.011754
2,,10.747704
7,,1.507618
9,,3.385175
6,,2.966469
