cat,stream,next_stream,prev_str01,prev_str02,strahler,horton,shreve,hack,topo_dim,scheidegger,drwal_old,length,stright,sinosoid,cum_length,flow_accum,out_dist,source_elev,outlet_elev,elev_drop,out_drop,gradient
1,1,3,0,0,1,2,1,1,2,2,1,1774.738878,1640.972819,1.081516,1774.738878,1839.30503,6261.702992,142.6317,142.33171,0.31,0.01001,0.000175
1,1,3,0,0,1,2,1,1,2,2,1,1774.738878,1640.972819,1.081516,1774.738878,1839.30503,6261.702992,142.6317,142.33171,0.31,0.01001,0.000175
2,2,3,0,0,1,1,1,2,2,2,1,492.114926,450.95407,1.091275,492.114926,1351.544642,4979.079041,142.41171,142.33171,0.09001,0.01001,0.000183
2,2,3,0,0,1,1,1,2,2,2,1,492.114926,450.95407,1.091275,492.114926,1351.544642,4979.079041,142.41171,142.33171,0.09001,0.01001,0.000183
3,3,-1,1,2,2,2,2,1,1,4,2,4486.964114,3991.798791,1.124046,6261.702992,6241.732298,4486.964114,142.3217,141.5617,0.76,0,0.000169
3,3,-1,1,2,2,2,2,1,1,4,2,4486.964114,3991.798791,1.124046,6261.702992,6241.732298,4486.964114,142.3217,141.5617,0.76,0,0.000169
0,,,,,,,,,,,,,,,,,,,,,,
