cat,stream,next_stream,prev_str01,prev_str02,strahler,horton,shreve,hack,topo_dim,scheidegger,drwal_old,length,stright,sinosoid,cum_length,flow_accum,out_dist,source_elev,outlet_elev,elev_drop,out_drop,gradient
1,1,3,0,0,1,2,1,1,2,2,1,3124.334666,2718.596793,1.149245,3124.334666,846.721026,3878.119622,746.6856,629.46454,117.22106,0,0.037519
1,1,3,0,0,1,2,1,1,2,2,1,3124.334666,2718.596793,1.149245,3124.334666,846.721026,3878.119622,746.6856,629.46454,117.22106,0,0.037519
2,2,3,0,0,1,1,1,2,2,2,1,886.760214,626.689561,1.414991,886.760214,157.189189,1640.545171,695.1837,650.056,65.71916,20.59146,0.074112
2,2,3,0,0,1,1,1,2,2,2,1,886.760214,626.689561,1.414991,886.760214,157.189189,1640.545171,695.1837,650.056,65.71916,20.59146,0.074112
3,3,-1,1,2,2,2,2,1,1,4,2,753.784957,707.270595,1.065766,3878.119622,1128.574475,753.784957,629.46454,597.409,32.05554,0,0.042526
3,3,-1,1,2,2,2,2,1,1,4,2,753.784957,707.270595,1.065766,3878.119622,1128.574475,753.784957,629.46454,597.409,32.05554,0,0.042526
0,,,,,,,,,,,,,,,,,,,,,,
