cat,stream,next_stream,prev_str01,prev_str02,strahler,horton,shreve,hack,topo_dim,scheidegger,drwal_old,length,stright,sinosoid,cum_length,flow_accum,out_dist,source_elev,outlet_elev,elev_drop,out_drop,gradient
1,1,3,0,0,1,2,1,1,2,2,1,2402.081528,2193.17122,1.095255,2402.081528,1848.772583,6794.11255,845.895821,584.345234,267.468463,5.917876,0.111349
1,1,3,0,0,1,2,1,1,2,2,1,2402.081528,2193.17122,1.095255,2402.081528,1848.772583,6794.11255,845.895821,584.345234,267.468463,5.917876,0.111349
2,2,3,0,0,1,1,1,2,2,2,1,932.842712,873.21246,1.068288,932.842712,1322.212804,5324.873734,730.352766,594.666648,151.925408,16.23929,0.162863
2,2,3,0,0,1,1,1,2,2,2,1,932.842712,873.21246,1.068288,932.842712,1322.212804,5324.873734,730.352766,594.666648,151.925408,16.23929,0.162863
3,3,-1,1,2,2,2,2,1,1,4,2,4392.031022,3938.591119,1.115127,6794.11255,6229.813048,4392.031022,578.427358,420.724999,157.70236,0,0.035906
3,3,-1,1,2,2,2,2,1,1,4,2,4392.031022,3938.591119,1.115127,6794.11255,6229.813048,4392.031022,578.427358,420.724999,157.70236,0,0.035906
0,,,,,,,,,,,,,,,,,,,,,,
