cat,stream,next_stream,prev_str01,prev_str02,strahler,horton,shreve,hack,topo_dim,scheidegger,drwal_old,length,stright,sinosoid,cum_length,flow_accum,out_dist,source_elev,outlet_elev,elev_drop,out_drop,gradient
1,1,3,0,0,1,1,1,2,2,2,1,886.760214,626.689561,1.414991,886.760214,157.183658,1640.545171,695.1837,650.056,533.02393,487.89623,0.601091
1,1,3,0,0,1,1,1,2,2,2,1,886.760214,626.689561,1.414991,886.760214,157.183658,1640.545171,695.1837,650.056,533.02393,487.89623,0.601091
2,2,3,0,0,1,2,1,1,2,2,1,3174.363517,2767.413472,1.147051,3174.363517,846.766613,3928.148474,162.71977,162.16978,0.56,0.01001,0.000176
2,2,3,0,0,1,2,1,1,2,2,1,3174.363517,2767.413472,1.147051,3174.363517,846.766613,3928.148474,162.71977,162.16978,0.56,0.01001,0.000176
3,3,-1,2,1,2,2,2,1,1,4,2,753.784957,707.270595,1.065766,3928.148474,1128.686698,753.784957,162.15977,162.02977,0.13,0,0.000172
3,3,-1,2,1,2,2,2,1,1,4,2,753.784957,707.270595,1.065766,3928.148474,1128.686698,753.784957,162.15977,162.02977,0.13,0,0.000172
0,,,,,,,,,,,,,,,,,,,,,,
