cat,stream,next_stream,prev_str01,prev_str02,strahler,horton,shreve,hack,topo_dim,scheidegger,drwal_old,length,stright,sinosoid,cum_length,flow_accum,out_dist,source_elev,outlet_elev,elev_drop,out_drop,gradient
1,1,3,0,0,1,2,1,1,2,2,1,2434.567895,2221.491506,1.095916,2434.567895,10455.574183,6934.966289,842.916321,572.929871,269.986938,0.000488,0.110897
1,1,3,0,0,1,2,1,1,2,2,1,2434.567895,2221.491506,1.095916,2434.567895,10455.574183,6934.966289,842.916321,572.929871,269.986938,0.000488,0.110897
2,2,3,0,0,1,1,1,2,2,2,1,1054.320137,927.571848,1.136645,1054.320137,8857.850717,5554.718532,730.012634,573.808899,157.083252,0.879517,0.14899
2,2,3,0,0,1,1,1,2,2,2,1,1054.320137,927.571848,1.136645,1054.320137,8857.850717,5554.718532,730.012634,573.808899,157.083252,0.879517,0.14899
3,3,-1,1,2,2,2,2,1,1,4,2,4500.398394,3928.329954,1.145626,6934.966289,23134.375395,4500.398394,572.929382,417.003906,155.925476,0,0.034647
3,3,-1,1,2,2,2,2,1,1,4,2,4500.398394,3928.329954,1.145626,6934.966289,23134.375395,4500.398394,572.929382,417.003906,155.925476,0,0.034647
0,,,,,,,,,,,,,,,,,,,,,,
