cat,stream,next_stream,prev_str01,prev_str02,strahler,horton,shreve,hack,topo_dim,scheidegger,drwal_old,length,stright,sinosoid,cum_length,flow_accum,out_dist,source_elev,outlet_elev,elev_drop,out_drop,gradient
1,1,3,0,0,1,2,1,1,2,2,1,3107.218394,2739.236598,1.134337,3107.218394,3352.723385,3862.04895,764.361938,643.819031,121.274231,0.731323,0.03903
1,1,3,0,0,1,2,1,1,2,2,1,3107.218394,2739.236598,1.134337,3107.218394,3352.723385,3862.04895,764.361938,643.819031,121.274231,0.731323,0.03903
2,2,3,0,0,1,1,1,2,2,2,1,1105.419542,775.826201,1.424829,1105.419542,673.508552,1860.250097,697.602051,643.399902,54.514343,0.312195,0.049316
2,2,3,0,0,1,1,1,2,2,2,1,1105.419542,775.826201,1.424829,1105.419542,673.508552,1860.250097,697.602051,643.399902,54.514343,0.312195,0.049316
3,3,-1,1,2,2,2,2,1,1,4,2,754.830556,630.6914,1.19683,3862.04895,4514.389096,754.830556,643.087708,616.544617,26.543091,0,0.035164
3,3,-1,1,2,2,2,2,1,1,4,2,754.830556,630.6914,1.19683,3862.04895,4514.389096,754.830556,643.087708,616.544617,26.543091,0,0.035164
0,,,,,,,,,,,,,,,,,,,,,,
