cat,stream,next_stream,prev_str01,prev_str02,strahler,horton,shreve,hack,topo_dim,scheidegger,drwal_old,length,stright,sinosoid,cum_length,flow_accum,out_dist,source_elev,outlet_elev,elev_drop,out_drop,gradient
1,1,3,0,0,1,2,1,1,2,2,1,2402.081528,2193.17122,1.095255,2402.081528,1863.274337,6885.533906,825.8958,564.3452,267.46843,5.91783,0.111349
1,1,3,0,0,1,2,1,1,2,2,1,2402.081528,2193.17122,1.095255,2402.081528,1863.274337,6885.533906,825.8958,564.3452,267.46843,5.91783,0.111349
2,2,3,0,0,1,1,1,2,2,2,1,1044.974747,934.077085,1.118724,1044.974747,1347.584774,5528.427125,725.8421,574.6666,167.41473,16.23923,0.160209
2,2,3,0,0,1,1,1,2,2,2,1,1044.974747,934.077085,1.118724,1044.974747,1347.584774,5528.427125,725.8421,574.6666,167.41473,16.23923,0.160209
3,3,-1,1,2,2,2,2,1,1,4,2,4483.452378,3985.599077,1.124913,6885.533906,6241.7065,4483.452378,558.42737,398.17294,160.25443,0,0.035744
3,3,-1,1,2,2,2,2,1,1,4,2,4483.452378,3985.599077,1.124913,6885.533906,6241.7065,4483.452378,558.42737,398.17294,160.25443,0,0.035744
0,,,,,,,,,,,,,,,,,,,,,,
