cat,stream,next_stream,prev_str01,prev_str02,strahler,horton,shreve,hack,topo_dim,scheidegger,drwal_old,length,stright,sinosoid,cum_length,flow_accum,out_dist,source_elev,outlet_elev,elev_drop,out_drop,gradient
1,1,3,0,0,1,2,1,1,2,2,1,3122.792206,2717.075634,1.149321,3122.792206,846.34909,3876.345597,746.6856,625.28674,123.17406,1.7752,0.039444
1,1,3,0,0,1,2,1,1,2,2,1,3122.792206,2717.075634,1.149321,3122.792206,846.34909,3876.345597,746.6856,625.28674,123.17406,1.7752,0.039444
2,2,3,0,0,1,1,1,2,2,2,1,886.396103,626.498204,1.414842,886.396103,157.227176,1639.949494,695.1837,650.056,71.67216,26.54446,0.080858
2,2,3,0,0,1,1,1,2,2,2,1,886.396103,626.498204,1.414842,886.396103,157.227176,1639.949494,695.1837,650.056,71.67216,26.54446,0.080858
3,3,-1,1,2,2,2,2,1,1,4,2,753.553391,707.106781,1.065685,3876.345597,1128.576943,753.553391,623.51154,597.409,26.10254,0,0.034639
3,3,-1,1,2,2,2,2,1,1,4,2,753.553391,707.106781,1.065685,3876.345597,1128.576943,753.553391,623.51154,597.409,26.10254,0,0.034639
0,,,,,,,,,,,,,,,,,,,,,,
