cat,stream,next_stream,prev_str01,prev_str02,strahler,horton,shreve,hack,topo_dim,scheidegger,drwal_old,length,stright,sinosoid,cum_length,flow_accum,out_dist,source_elev,outlet_elev,elev_drop,out_drop,gradient
1,1,3,0,0,1,2,1,1,2,2,1,2139.949494,1950,1.09741,2139.949494,1823.945603,6573.401872,805.87134,564.3452,246.97699,5.45085,0.115413
1,1,3,0,0,1,2,1,1,2,2,1,2139.949494,1950,1.09741,2139.949494,1823.945603,6573.401872,805.87134,564.3452,246.97699,5.45085,0.115413
2,2,3,0,0,1,1,1,2,2,2,1,903.553391,813.94103,1.110097,903.553391,1353.67967,5337.005769,714.8962,574.6666,156.00185,15.77225,0.172654
2,2,3,0,0,1,1,1,2,2,2,1,903.553391,813.94103,1.110097,903.553391,1353.67967,5337.005769,714.8962,574.6666,156.00185,15.77225,0.172654
3,3,-1,1,2,2,2,2,1,1,4,2,4433.452378,3938.591119,1.125644,6573.401872,6251.651154,4433.452378,558.89435,400.725,158.16935,0,0.035676
3,3,-1,1,2,2,2,2,1,1,4,2,4433.452378,3938.591119,1.125644,6573.401872,6251.651154,4433.452378,558.89435,400.725,158.16935,0,0.035676
0,,,,,,,,,,,,,,,,,,,,,,
