cat,stream,next_stream,prev_str01,prev_str02,strahler,horton,shreve,hack,topo_dim,scheidegger,drwal_old,length,stright,sinosoid,cum_length,flow_accum,out_dist,source_elev,outlet_elev,elev_drop,out_drop,gradient
1,1,3,0,0,1,2,1,1,2,2,1,2136.623001,1945.942472,1.097989,2136.623001,1824.180514,6573.481108,805.87134,564.3452,246.97699,5.45085,0.115592
1,1,3,0,0,1,2,1,1,2,2,1,2136.623001,1945.942472,1.097989,2136.623001,1824.180514,6573.481108,805.87134,564.3452,246.97699,5.45085,0.115592
2,2,3,0,0,1,1,1,2,2,2,1,904.598265,815.530698,1.109214,904.598265,1353.838704,5341.456372,714.8962,574.6666,156.00185,15.77225,0.172454
2,2,3,0,0,1,1,1,2,2,2,1,904.598265,815.530698,1.109214,904.598265,1353.838704,5341.456372,714.8962,574.6666,156.00185,15.77225,0.172454
3,3,-1,1,2,2,2,2,1,1,4,2,4436.858106,3944.664295,1.124775,6573.481108,6251.666799,4436.858106,558.89435,400.725,158.16935,0,0.035649
3,3,-1,1,2,2,2,2,1,1,4,2,4436.858106,3944.664295,1.124775,6573.481108,6251.666799,4436.858106,558.89435,400.725,158.16935,0,0.035649
0,,,,,,,,,,,,,,,,,,,,,,
